<?xml version="1.0" encoding="UTF-8"?>
<project-private xmlns="http://www.netbeans.org/ns/project-private/1">
    <editor-bookmarks xmlns="http://www.netbeans.org/ns/editor-bookmarks/2" lastBookmarkId="0"/>
    <open-files xmlns="http://www.netbeans.org/ns/projectui-open-files/2">
        <group>
            <file>file:/C:/Users/Albert/Desktop/FinalProject-Tang-Chen/src/finalproject/tang/chen/Who%20is%20Roger%20Godell</file>
            <file>file:/C:/Users/Albert/Desktop/FinalProject-Tang-Chen/src/finalproject/tang/chen/SingleMC.java</file>
            <file>file:/C:/Users/Albert/Desktop/FinalProject-Tang-Chen/src/finalproject/tang/chen/MakeSurvey.java</file>
            <file>file:/C:/Users/Albert/Desktop/FinalProject-Tang-Chen/src/finalproject/tang/chen/Which%20team%20is%20the%20worst%20team%20in%20the%20NFL</file>
            <file>file:/C:/Users/Albert/Desktop/FinalProject-Tang-Chen/src/finalproject/tang/chen/SurveyStorage</file>
            <file>file:/C:/Users/Albert/Desktop/FinalProject-Tang-Chen/src/finalproject/tang/chen/Who%20is%20better%20Connor%20McGregor%20or%20Floyd%20Mayweather</file>
            <file>file:/C:/Users/Albert/Desktop/FinalProject-Tang-Chen/src/finalproject/tang/chen/SelectSurvey.java</file>
        </group>
    </open-files>
</project-private>
